segment;slug;nombre_visible;rubro;subtipo;obra_product_kind;filtro_unidad;unidades_min;unidades_max;m2_min;m2_max;complejidad;plantas;ambientes_min;ambientes_max;plantas_edificio;deptos_por_piso;pb_comercial;subsuelo_cocheras;amenities;urgencia;reforma_ambiente;tags;tareas;duracion_guia;notas_revision
trabajo_comun;colocar_puerta_interior;Colocar puerta interior;carpinteria;puerta_interior;trabajo_simple;unidades;1;20;;;baja;;;;;;;;;;;puerta | carpinteria | interior;Relevamiento | Presupuesto | Compra y acopio de materiales | Preparación del vano | Colocación de marco | Colocación de hoja | Cerradura y ajustes | Evidencia | Validación | Pago;1-2 días por tarea operativa;OK revisar nombre
trabajo_comun;colocar_puerta_exterior;Colocar puerta exterior;carpinteria;puerta_exterior;trabajo_simple;unidades;1;10;;;media;;;;;;;;;;;puerta | exterior | carpinteria;Relevamiento | Presupuesto | Compra y acopio de materiales | Preparación del vano | Colocación de premarco | Colocación de hoja | Sellado y ajustes | Evidencia | Validación | Pago;1-3 días por tarea operativa;
trabajo_comun;colocar_porton;Colocar portón;herreria;porton;trabajo_simple;unidades;1;5;;;media;;;;;;;;;;;porton | herreria;Relevamiento | Presupuesto | Compra o fabricación | Preparación del vano | Colocación | Ajustes y automatización | Evidencia | Validación | Pago;2-5 días en ejecución;
trabajo_comun;colocar_ventana;Colocar ventana;carpinteria;ventana;trabajo_simple;unidades;1;30;;;baja;;;;;;;;;;;ventana | aberturas;Relevamiento | Presupuesto | Compra y acopio | Preparación del vano | Colocación de marco | Colocación de hoja | Sellado y ajustes | Evidencia | Validación | Pago;1-2 días por unidad simple;
trabajo_comun;pintura_interior;Pintura interior;pintura;interior;trabajo_simple;m2;;;15;500;baja;;;;;;;;;;;pintura | interior | latex;Relevamiento | Presupuesto | Compra de materiales | Protección de muebles y pisos | Enduido y lijado | Primera mano | Segunda mano | Retoques | Evidencia | Validación | Pago;m2 define escala;1-3 días por ambiente chico
trabajo_comun;pintura_exterior;Pintura exterior;pintura;exterior;trabajo_simple;m2;;;20;800;media;;;;;;;;;;;pintura | fachada | exterior;Relevamiento | Presupuesto | Compra de materiales | Montaje de andamio o línea de vida | Preparación de superficie | Imprimación | Pintura | Retoques | Evidencia | Validación | Pago;media-alta por altura;
trabajo_comun;revoque_interior;Revoque interior;revoques;interior;trabajo_simple;m2;;;10;400;baja;;;;;;;;;;;revoque | interior;Relevamiento | Presupuesto | Compra de materiales | Preparación del sector | Revoque grueso | Revoque fino | Lijado y revisión | Evidencia | Validación | Pago;;
trabajo_comun;revoque_exterior;Revoque exterior;revoques;exterior;trabajo_simple;m2;;;15;600;media;;;;;;;;;;;revoque | exterior | fachada;Relevamiento | Presupuesto | Compra de materiales | Protección perimetral | Revoque de base | Revoque fino | Revisión y curado | Evidencia | Validación | Pago;;
trabajo_comun;piso_porcelanato_ceramico;Colocar piso porcelanato o cerámico;pisos;ceramico_porcelanato;trabajo_simple;m2;;;8;200;media;;;;;;;;;;;piso | ceramico | porcelanato;Relevamiento | Presupuesto | Compra y acopio | Preparación de base | Contrapisado o nivelación | Colocación | Cordones y junta | Limpieza | Evidencia | Validación | Pago;;
trabajo_comun;bano_simple;Baño simple;sanitarios;bano;trabajo_simple;unidades;1;3;;;baja | media | alta;;;;;;;;;;;bano | plomeria;Relevamiento | Presupuesto | Compra de materiales | Demolición selectiva | Instalación sanitaria | Revoques y impermeabilización | Colocación de artefactos | Evidencia | Validación | Pago;complejidad filtra variantes futuras;
trabajo_comun;cocina_simple;Cocina simple;cocina;cocina;trabajo_simple;unidades;1;2;;;media;;;;;;;;;;;cocina | plomeria | electricidad;Relevamiento | Presupuesto | Compra de materiales | Preparación del sector | Instalaciones | Revoques | Colocación de muebles y artefactos | Evidencia | Validación | Pago;;
trabajo_comun;instalacion_electrica_basica;Instalación eléctrica básica;electricidad;basica;trabajo_simple;unidades;1;15;;;baja | media;;;;;;;;;;;electricidad | tablero;Relevamiento | Presupuesto | Compra de materiales | Canalización y cajas | Tendido de cables | Colocación de artefactos | Prueba de circuitos | Evidencia | Validación | Pago;puntos o ambientes;
trabajo_comun;instalacion_sanitaria_basica;Instalación sanitaria básica;plomeria;basica;trabajo_simple;unidades;1;10;;;baja | media;;;;;;;;;;;plomeria | sanitaria;Relevamiento | Presupuesto | Compra de materiales | Preparación de pasadas | Instalación de cañerías | Prueba de presión | Colocación de terminaciones | Evidencia | Validación | Pago;;
trabajo_comun;instalacion_gas_basica;Instalación de gas básica;gas;basica;trabajo_simple;unidades;1;8;;;media | alta;;;;;;;;;;;gas | matriculado;Relevamiento | Presupuesto | Compra de materiales | Trazado de instalación | Montaje | Prueba de estanqueidad | Habilitación y entrega de certificado | Evidencia | Validación | Pago;alta = más tareas/habilitación;
trabajo_comun;cielorraso_durlock;Colocar cielorraso Durlock;drywall;cielorraso;trabajo_simple;m2;;;10;250;baja | media;;;;;;;;;;;durlock | cielorraso;Relevamiento | Presupuesto | Compra de materiales | Trazado y perfiles | Montaje de placas | Masillado y terminación | Evidencia | Validación | Pago;;
trabajo_comun;tabique_durlock;Tabique Durlock;drywall;tabique;trabajo_simple;m2;;;8;180;baja | media;;;;;;;;;;;durlock | tabique;Relevamiento | Presupuesto | Compra de materiales | Trazado | Montaje de estructura | Colocación de placas | Masillado | Evidencia | Validación | Pago;;
trabajo_comun;reparacion_humedad;Reparación de humedad;impermeabilizacion;humedad;trabajo_simple;m2;;;3;80;media | alta;;;;;;;;;;;humedad | filtracion;Relevamiento | Diagnóstico de origen | Presupuesto | Compra de materiales | Apertura y secado | Tratamiento | Cierre y terminación | Evidencia | Validación | Pago;;
trabajo_comun;impermeabilizacion_techo_terraza;Impermeabilización de techo o terraza;impermeabilizacion;techo_terraza;trabajo_simple;m2;;;10;300;media | alta;;;;;;;;;;;impermeabilizacion | terraza | techo;Relevamiento | Presupuesto | Compra de materiales | Limpieza y preparación | Impermeabilización | Prueba de agua | Protección final | Evidencia | Validación | Pago;m2 + complejidad;
trabajo_comun;colocar_membrana;Colocar membrana;impermeabilizacion;membrana;trabajo_simple;m2;;;5;150;baja | media;;;;;;;;;;;membrana | impermeabilizacion;Relevamiento | Presupuesto | Compra de materiales | Preparación de superficie | Colocación de membrana | Detalles y remates | Evidencia | Validación | Pago;;
trabajo_comun;reparacion_cubierta;Reparación de cubierta;cubierta;reparacion;trabajo_simple;m2;;;15;400;media | alta;;;;;;;;;;;cubierta | techo;Relevamiento | Presupuesto | Compra de materiales | Acceso y seguridad | Reparación de estructura liviana | Cambio de chapas o tejas | Evidencia | Validación | Pago;;
trabajo_comun;contrapiso;Contrapiso;estructura_liviana;contrapiso;trabajo_simple;m2;;;10;200;media;;;;;;;;;;;contrapiso | hormigon;Relevamiento | Presupuesto | Compra de materiales | Preparación de base | Armado y nivelación | Fraguado y curado | Evidencia | Validación | Pago;;
trabajo_comun;carpeta;Carpeta;estructura_liviana;carpeta;trabajo_simple;m2;;;10;200;baja | media;;;;;;;;;;;carpeta | nivelacion;Relevamiento | Presupuesto | Compra de materiales | Preparación | Colocación de carpeta | Fraguado | Evidencia | Validación | Pago;;
trabajo_comun;muro_ladrillo;Muro de ladrillo;mamposteria;muro;trabajo_simple;m2;;;5;120;baja | media;;;;;;;;;;;muro | ladrillo;Relevamiento | Presupuesto | Compra de materiales | Trazado | Levantamiento de muro | Revoque de base | Evidencia | Validación | Pago;;
trabajo_comun;losa_chica_ampliacion;Losa chica o ampliación;estructura;losa_ampliacion;trabajo_simple;m2;;;8;80;alta;;;;;;;;;;;losa | ampliacion | hormigon;Relevamiento | Presupuesto | Compra de materiales | Apuntalamiento | Armadura y encofrado | Hormigonado | Desencofrado | Evidencia | Validación | Pago;;
trabajo_comun;platea_fundacion_simple;Platea o fundación simple;estructura;fundacion;trabajo_simple;m2;;;15;150;media | alta;;;;;;;;;;;fundacion | platea;Relevamiento | Presupuesto | Compra de materiales | Movimiento de suelo | Armadura | Hormigonado | Curado | Evidencia | Validación | Pago;;
trabajo_comun;limpieza_final_obra;Limpieza final de obra;limpieza;final;trabajo_simple;m2;;;30;800;baja;;;;;;;;;;;limpieza | entrega;Relevamiento | Presupuesto | Coordinación de acceso | Limpieza gruesa | Limpieza fina | Retiro de residuos | Evidencia | Validación | Pago;;
trabajo_comun;colocar_artefactos_sanitarios;Colocar artefactos sanitarios;sanitarios;artefactos;trabajo_simple;unidades;1;20;;;baja;;;;;;;;;;;sanitarios | baño;Relevamiento | Presupuesto | Compra de artefactos | Preparación de conexiones | Colocación | Sellado y prueba | Evidencia | Validación | Pago;;
trabajo_comun;colocar_griferia;Colocar grifería;sanitarios;griferia;trabajo_simple;unidades;1;25;;;baja;;;;;;;;;;;griferia | baño | cocina;Relevamiento | Presupuesto | Compra de grifería | Preparación | Colocación | Prueba de funcionamiento | Evidencia | Validación | Pago;;
trabajo_comun;colocar_muebles_cocina;Colocar muebles de cocina;cocina;muebles;trabajo_simple;unidades;1;3;;;media;;;;;;;;;;;cocina | muebles;Relevamiento | Presupuesto | Compra y acopio | Nivelación de módulos | Fijación y calado | Conexión de artefactos | Ajustes | Evidencia | Validación | Pago;;
trabajo_comun;instalacion_aire_acondicionado;Instalación de aire acondicionado;climatizacion;split;trabajo_simple;unidades;1;8;;;baja | media;;;;;;;;;;;aire | split | clima;Relevamiento | Presupuesto | Compra de equipos | Preparación de ruteo | Montaje de unidades | Vacío y puesta en marcha | Evidencia | Validación | Pago;;
